{
  "final_results": {
    "AlexNet": {
      "final_accuracy": 0.32328125,
      "avg_inference_time": 0.37485296964645387,
      "model_params": 58322314,
      "model_size_mb": 222.48197174072266
    },
    "Modern-AlexNet": {
      "final_accuracy": 0.26328125,
      "avg_inference_time": 0.30716188192367555,
      "model_params": 58325066,
      "model_size_mb": 222.5030059814453
    },
    "LeNet": {
      "final_accuracy": 0.25109375,
      "avg_inference_time": 0.1548840594291687,
      "model_params": 62006,
      "model_size_mb": 0.23653411865234375
    },
    "Modern-LeNet": {
      "final_accuracy": 0.388125,
      "avg_inference_time": 0.5325047826766968,
      "model_params": 1375114,
      "model_size_mb": 5.24737548828125
    }
  },
  "training_history": {
    "AlexNet": {
      "train_loss": [
        4.019090909957885,
        2.111631599664688,
        2.0071429407596586
      ],
      "train_acc": [
        0.12390625,
        0.21703125,
        0.25640625
      ],
      "val_loss": [
        2.207533793449402,
        2.0352401757240295,
        1.851521031856537
      ],
      "val_acc": [
        0.2109375,
        0.2303125,
        0.3246875
      ]
    },
    "Modern-AlexNet": {
      "train_loss": [
        3.2939413881301878,
        2.057665593624115,
        1.983402544260025
      ],
      "train_acc": [
        0.17703125,
        0.21625,
        0.2378125
      ],
      "val_loss": [
        2.0546476459503173,
        1.973900465965271,
        1.8815363907814027
      ],
      "val_acc": [
        0.2478125,
        0.2615625,
        0.2646875
      ]
    },
    "LeNet": {
      "train_loss": [
        2.1569276702404023,
        2.1204234528541566,
        2.0919617474079133
      ],
      "train_acc": [
        0.18109375,
        0.19015625,
        0.2134375
      ],
      "val_loss": [
        2.076401607990265,
        2.047651813030243,
        2.0345182466506957
      ],
      "val_acc": [
        0.234375,
        0.22875,
        0.2384375
      ]
    },
    "Modern-LeNet": {
      "train_loss": [
        2.062620670795441,
        1.8760544407367705,
        1.7836368143558503
      ],
      "train_acc": [
        0.2153125,
        0.30703125,
        0.34203125
      ],
      "val_loss": [
        1.9174297642707825,
        1.7769799900054932,
        1.6641272878646851
      ],
      "val_acc": [
        0.270625,
        0.364375,
        0.37875
      ]
    }
  },
  "model_info": {
    "AlexNet": {
      "parameters": 58322314,
      "size_mb": 222.48197174072266
    },
    "Modern-AlexNet": {
      "parameters": 58325066,
      "size_mb": 222.5030059814453
    },
    "LeNet": {
      "parameters": 62006,
      "size_mb": 0.23653411865234375
    },
    "Modern-LeNet": {
      "parameters": 1375114,
      "size_mb": 5.24737548828125
    }
  }
}