{
  "final_results": {
    "AlexNet": {
      "final_accuracy": 0.10203125,
      "avg_inference_time": 4.955334124565124,
      "model_params": 58322314,
      "model_size_mb": 222.48197174072266
    },
    "Modern-AlexNet": {
      "final_accuracy": 0.22859375,
      "avg_inference_time": 10.06510488986969,
      "model_params": 58325066,
      "model_size_mb": 222.5030059814453
    },
    "LeNet": {
      "final_accuracy": 0.24859375,
      "avg_inference_time": 0.13487216472625732,
      "model_params": 62006,
      "model_size_mb": 0.23653411865234375
    },
    "Modern-LeNet": {
      "final_accuracy": 0.3865625,
      "avg_inference_time": 1.6190722727775573,
      "model_params": 1375114,
      "model_size_mb": 5.24737548828125
    }
  },
  "training_history": {
    "AlexNet": {
      "train_loss": [
        4.09408961057663,
        2.508035295009613,
        2.5272841000556947
      ],
      "train_acc": [
        0.10125,
        0.0990625,
        0.1021875
      ],
      "val_loss": [
        2.4175317525863647,
        2.5151085472106933,
        2.4521540641784667
      ],
      "val_acc": [
        0.09625,
        0.0984375,
        0.0965625
      ]
    },
    "Modern-AlexNet": {
      "train_loss": [
        3.4409825801849365,
        2.1522649192810057,
        2.0714763915538787
      ],
      "train_acc": [
        0.14375,
        0.1709375,
        0.19375
      ],
      "val_loss": [
        2.12230366230011,
        1.9985844254493714,
        1.9673966813087462
      ],
      "val_acc": [
        0.1984375,
        0.224375,
        0.2271875
      ]
    },
    "LeNet": {
      "train_loss": [
        2.1554100370407103,
        2.0882403981685638,
        2.0948362457752228
      ],
      "train_acc": [
        0.18453125,
        0.21171875,
        0.2165625
      ],
      "val_loss": [
        2.059256076812744,
        2.0513418316841125,
        2.0212002086639402
      ],
      "val_acc": [
        0.2365625,
        0.23875,
        0.248125
      ]
    },
    "Modern-LeNet": {
      "train_loss": [
        2.0880512690544126,
        1.9549864625930786,
        1.8816754710674286
      ],
      "train_acc": [
        0.20203125,
        0.27,
        0.31015625
      ],
      "val_loss": [
        1.9379761385917664,
        1.7898611450195312,
        1.6883440399169922
      ],
      "val_acc": [
        0.2815625,
        0.3225,
        0.3846875
      ]
    }
  },
  "model_info": {
    "AlexNet": {
      "parameters": 58322314,
      "size_mb": 222.48197174072266
    },
    "Modern-AlexNet": {
      "parameters": 58325066,
      "size_mb": 222.5030059814453
    },
    "LeNet": {
      "parameters": 62006,
      "size_mb": 0.23653411865234375
    },
    "Modern-LeNet": {
      "parameters": 1375114,
      "size_mb": 5.24737548828125
    }
  }
}