{
  "final_results": {
    "AlexNet": {
      "final_accuracy": 0.729,
      "avg_inference_time": 0.001023545432776308,
      "model_params": 58325066,
      "model_size_mb": 222.5030059814453
    },
    "LeNet": {
      "final_accuracy": 0.6609,
      "avg_inference_time": 0.0008698621877847008,
      "model_params": 1375114,
      "model_size_mb": 5.24737548828125
    }
  },
  "training_history": {
    "alexnet": {
      "train_loss": [
        1.997324437951706,
        1.5833478343845253,
        1.2995610578046422,
        1.1003769345567231,
        0.9348778635244376
      ],
      "train_acc": [
        0.26404,
        0.41088,
        0.5355,
        0.61308,
        0.675
      ],
      "val_loss": [
        1.6915353144319674,
        1.377979561162833,
        1.0730950887591695,
        0.9850383638954772,
        0.7933659659216579
      ],
      "val_acc": [
        0.3758,
        0.5086,
        0.6305,
        0.6633,
        0.729
      ]
    },
    "lenet": {
      "train_loss": [
        1.8217336763881067,
        1.5920917255635911,
        1.428387938976593,
        1.277267215042944,
        1.1600844067636393
      ],
      "train_acc": [
        0.33024,
        0.42196,
        0.49156,
        0.55128,
        0.59528
      ],
      "val_loss": [
        1.5091539800357514,
        1.3170713494760922,
        1.173319033540476,
        1.0071032266266429,
        0.9513554517834332
      ],
      "val_acc": [
        0.4394,
        0.5266,
        0.5846,
        0.6441,
        0.6609
      ]
    }
  },
  "model_info": {
    "alexnet": {
      "parameters": 58325066,
      "size_mb": 222.5030059814453
    },
    "lenet": {
      "parameters": 1375114,
      "size_mb": 5.24737548828125
    }
  }
}